{
  "project_info": {
    "project_number": "378723659690",
    "project_id": "finger-tip-app",
    "storage_bucket": "finger-tip-app.appspot.com"
  },
  "client": [
    {
      "client_info": {
        "mobilesdk_app_id": "1:378723659690:android:57eafebbfbaee592af05d3",
        "android_client_info": {
          "package_name": "com.fingertipplus.fieldsales"
        }
      },
      "oauth_client": [],
      "api_key": [
        {
          "current_key": "AIzaSyB9RXg0qE163fK41YyERO6q06689igGvYA"
        }
      ],
      "services": {
        "appinvite_service": {
          "other_platform_oauth_client": []
        }
      }
    },
    {
      "client_info": {
        "mobilesdk_app_id": "1:378723659690:android:5f96ab64c3661f94af05d3",
        "android_client_info": {
          "package_name": "com.fingertipplus.fingertip"
        }
      },
      "oauth_client": [],
      "api_key": [
        {
          "current_key": "AIzaSyB9RXg0qE163fK41YyERO6q06689igGvYA"
        }
      ],
      "services": {
        "appinvite_service": {
          "other_platform_oauth_client": []
        }
      }
    }
  ],
  "configuration_version": "1"
}