{
    "views_path": "ui/screens",
    "services_path": "services",
    "widgets_path": "ui/widgets",
    "bottom_sheets_path": "ui/sheets",
    "bottom_sheet_type_file_path": "enums/bottom_sheet_type.dart",
    "bottom_sheet_builder_file_path": "ui/setup/setup_bottom_sheet_ui.dart",
    "dialogs_path": "ui/dialogs",
    "dialog_type_file_path": "enums/dialog_type.dart",
    "dialog_builder_file_path": "ui/setup/setup_dialog_ui.dart",
    "stacked_app_file_path": "app/app.dart",
    "test_helpers_file_path": "helpers/test_helpers.dart",
    "test_services_path": "services",
    "test_views_path": "viewmodels",
    "test_widgets_path": "widget_models",
    "locator_name": "locator",
    "register_mocks_function": "registerServices",
    "v1": false,
    "line_length": 80,
    "prefer_web": false
}